<database>
   <name>*dbname*</name>
   <create>true</create>
   <overwrite>false</overwrite>
   <charset>utf8</charset>
   <table>
      <name>*dbprefix*sp_global_dl</name>
      <declaration>
         <field>
             <name>mount_id</name>
             <type>integer</type>
             <default>0</default>
             <notnull>true</notnull>
             <autoincrement>1</autoincrement>
             <length>10</length>
         </field>
         <field>
            <name>mount_point</name>
            <type>text</type>
            <default/>
            <length>128</length>
            <notnull>true</notnull>
         </field>
         <field>
            <name>url</name>
            <type>text</type>
            <default/>
            <length>1024</length>
            <notnull>true</notnull>
         </field>
         <field>
            <name>list_name</name>
            <type>text</type>
            <default/>
            <length>512</length>
            <notnull>true</notnull>
         </field>
         <field>
            <name>auth_type</name>
            <type>integer</type>
            <length>1</length>
            <notnull>true</notnull>
            <default>1</default>
         </field>
         <field>
             <name>user</name>
             <type>text</type>
             <length>128</length>
         </field>
         <field>
             <name>password</name>
             <type>text</type>
             <length>128</length>
         </field>
         <index>
            <name>sp_global_mount_index</name>
            <unique>true</unique>
            <primary>true</primary>
            <field>
               <name>mount_id</name>
               <sorting>ascending</sorting>
            </field>
         </index>
      </declaration>
   </table>
    <table>
        <name>*dbprefix*sp_applicables</name>
        <declaration>
            <field>
                <name>applicable_id</name>
                <type>integer</type>
                <default>0</default>
                <notnull>true</notnull>
                <autoincrement>1</autoincrement>
                <length>10</length>
            </field>
            <field>
                <name>applicable_mount_id_fk</name>
                <type>integer</type>
                <notnull>true</notnull>
                <length>6</length>
            </field>
            <field>
                <name>mount_type</name>
                <type>text</type>
                <length>64</length>
                <notnull>true</notnull>
            </field>
            <field>
                <name>mount_type_name</name>
                <type>text</type>
                <length>128</length>
            </field>
            <index>
                <name>sp_applicable_id_index</name>
                <unique>true</unique>
                <primary>true</primary>
                <field>
                    <name>applicable_id</name>
                    <sorting>ascending</sorting>
                </field>
            </index>
            <index>
                <name>sp_mount_id_app_index</name>
                <field>
                    <name>applicable_mount_id_fk</name>
                    <sorting>ascending</sorting>
                </field>
            </index>
        </declaration>
    </table>
    <table>
        <name>*dbprefix*sp_credentials</name>
        <declaration>
            <field>
                <name>credentials_id</name>
                <type>integer</type>
                <default>0</default>
                <notnull>true</notnull>
                <autoincrement>1</autoincrement>
                <length>10</length>
            </field>
            <field>
                <name>credentials_mount_id_fk</name>
                <type>integer</type>
                <notnull>true</notnull>
                <length>6</length>
            </field>
            <field>
                <name>mounting_user</name>
                <type>text</type>
                <notnull>true</notnull>
                <length>128</length>
            </field>
            <field>
                <name>credential_username</name>
                <type>text</type>
                <notnull>true</notnull>
                <length>128</length>
            </field>
            <field>
                <name>credential_password</name>
                <type>text</type>
                <notnull>true</notnull>
                <length>128</length>
            </field>
            <index>
                <name>sp_credentials_id_index</name>
                <unique>true</unique>
                <primary>true</primary>
                <field>
                    <name>credentials_id</name>
                    <sorting>ascending</sorting>
                </field>
            </index>
            <index>
                <name>sp_mount_id_creds_index</name>
                <field>
                    <name>credentials_mount_id_fk</name>
                    <sorting>ascending</sorting>
                </field>
            </index>
            <index>
                <name>sp_mounting_user_creds_index</name>
                <field>
                    <name>mounting_user</name>
                    <sorting>ascending</sorting>
                </field>
            </index>
        </declaration>
    </table>
   <table>
      <name>*dbprefix*sp_global_credentials</name>
      <declaration>
        <field>
            <name>id</name>
            <type>integer</type>
            <default>0</default>
            <notnull>true</notnull>
            <autoincrement>1</autoincrement>
            <length>10</length>
        </field>
         <field>
            <name>uid</name>
            <type>text</type>
            <default/>
            <length>255</length>
            <notnull>false</notnull>
         </field>
         <field>
            <name>user</name>
            <type>text</type>
            <default/>
            <length>256</length>
            <notnull>false</notnull>
         </field>
         <field>
            <name>password</name>
            <type>text</type>
            <default/>
            <length>256</length>
            <notnull>false</notnull>
         </field>
        <index>
            <name>sp_config_id_index</name>
            <unique>true</unique>
            <primary>true</primary>
            <field>
                <name>id</name>
                <sorting>ascending</sorting>
            </field>
        </index>
         <index>
            <name>sp_config_index</name>
            <field>
               <name>uid</name>
               <sorting>ascending</sorting>
            </field>
         </index>
      </declaration>
   </table>
   <table>
      <name>*dbprefix*sp_user_dl</name>
      <declaration>
         <field>
             <name>mount_id</name>
             <type>integer</type>
             <default>0</default>
             <notnull>true</notnull>
             <autoincrement>1</autoincrement>
             <length>12</length>
         </field>
         <field>
            <name>uid</name>
            <type>text</type>
            <default/>
            <length>256</length>
            <notnull>false</notnull>
         </field>
         <field>
            <name>mount_point</name>
            <type>text</type>
            <default/>
            <length>128</length>
            <notnull>true</notnull>
         </field>
         <field>
            <name>url</name>
            <type>text</type>
            <default/>
            <length>1024</length>
            <notnull>true</notnull>
         </field>
         <field>
            <name>user</name>
            <type>text</type>
            <default/>
            <length>256</length>
            <notnull>false</notnull>
         </field>
         <field>
            <name>password</name>
            <type>text</type>
            <default/>
            <length>256</length>
            <notnull>false</notnull>
         </field>
         <field>
            <name>list_name</name>
            <type>text</type>
            <default/>
            <length>512</length>
            <notnull>true</notnull>
         </field>
         <field>
            <name>auth_type</name>
            <type>integer</type>
            <length>1</length>
            <notnull>true</notnull>
            <default>1</default>
         </field>
         <index>
            <name>sp_user_mount_index</name>
            <unique>true</unique>
            <primary>true</primary>
            <field>
               <name>mount_id</name>
               <sorting>ascending</sorting>
            </field>
         </index>
      </declaration>
   </table>
</database>